"driver_name";"driver_abb";"driver_rank";"driver_points";"driver_victories";"driver_podiums";"driver_poles";"team_name";"team_rank";"team_points";"team_victories";"car_chasis";"circuit_name";"circuit_country";"circuit_temp";"circuit_humi";"circuit_rain";"quali_pos";"quali_laptime";"race_num_pits";"race_tyres_strat";"race_pos_change";"race_pos";"race_time";"race_laptime";"driver_num"
"M VERSTAPPEN";"VER";1;364;12;14;8;"Red Bull Racing";1;583;14;"RB19";"Bahrain International Circuit";"Bahrain";27.4317;21.4969;0.0;1;89.708;2;"S, S, H";0;1;5636.74;96.236;1
"S PEREZ";"PER";2;219;2;8;2;"Red Bull Racing";1;583;14;"RB19";"Bahrain International Circuit";"Bahrain";27.4317;21.4969;0.0;2;89.846;2;"S, S, H";0;2;5648.72;96.344;11
"F ALONSO";"ALO";3;170;0;7;0;"Aston Martin";4;217;0;"AMR23";"Bahrain International Circuit";"Bahrain";27.4317;21.4969;0.0;5;90.336;2;"S, H, H";2;3;5675.37;96.156;14
"C SAINZ";"SAI";5;117;0;1;1;"Ferrari";3;228;0;"SF-23";"Bahrain International Circuit";"Bahrain";27.4317;21.4969;0.0;4;90.154;2;"S, H, H";0;4;5684.79;97.13;55
"L HAMILTON";"HAM";4;164;0;4;1;"Mercedes";2;273;0;"W14";"Bahrain International Circuit";"Bahrain";27.4317;21.4969;0.0;7;90.384;2;"S, H, H";2;5;5687.71;96.546;44
"L STROLL";"STR";9;47;0;0;0;"Aston Martin";4;217;0;"AMR23";"Bahrain International Circuit";"Bahrain";27.4317;21.4969;0.0;8;90.836;2;"S, H, H";2;6;5691.24;96.546;18
"G RUSSELL";"RUS";7;109;0;1;0;"Mercedes";2;273;0;"W14";"Bahrain International Circuit";"Bahrain";27.4317;21.4969;0.0;6;90.34;2;"S, H, H";-1;7;5692.61;97.035;63
"V BOTTAS";"BOT";15;6;0;0;0;"Alfa Romeo";9;10;0;"C43";"Bahrain International Circuit";"Bahrain";27.4317;21.4969;0.0;12;91.443;2;"S, H, H";4;8;5709.38;97.379;77
"P GASLY";"GAS";10;37;0;1;0;"Alpine";6;73;0;"A523";"Bahrain International Circuit";"Bahrain";27.4317;21.4969;0.0;20;92.181;3;"S, H, H, S";11;9;5710.49;95.068;10
"A ALBON";"ALB";13;21;0;0;0;"Williams";7;21;0;"FW45";"Bahrain International Circuit";"Bahrain";27.4317;21.4969;0.0;15;91.461;3;"S, S, H, S";5;10;5726.51;97.144;23
"Y TSUNODA";"TSU";17;3;0;0;0;"AlphaTauri";10;3;0;"AT04";"Bahrain International Circuit";"Bahrain";27.4317;21.4969;0.0;14;92.51;3;"S, H, H, S";3;11;5727.61;96.637;22
"L SARGEANT";"SAR";19;0;0;0;0;"Williams";7;21;0;"FW45";"Bahrain International Circuit";"Bahrain";27.4317;21.4969;0.0;16;91.652;3;"S, S, H, S";4;12;0.0;96.037;2
"K MAGNUSSEN";"MAG";18;2;0;0;0;"Haas F1 Team";8;11;0;"VF-23";"Bahrain International Circuit";"Bahrain";27.4317;21.4969;0.0;17;91.892;3;"H, H, S, S";4;13;0.0;96.471;20
"N DE VRIES";"DEV";21;0;0;0;0;"AlphaTauri";10;3;0;"AT04";"Bahrain International Circuit";"Bahrain";27.4317;21.4969;0.0;19;92.121;98;"S, H, H";5;14;0.0;97.709;21
"N HULKENBERG";"HUL";14;9;0;0;0;"Haas F1 Team";8;11;0;"VF-23";"Bahrain International Circuit";"Bahrain";27.4317;21.4969;0.0;10;90.809;3;"S, H, H, S";-5;15;0.0;96.616;27
"G ZHOU";"ZHO";16;4;0;0;0;"Alfa Romeo";9;10;0;"C43";"Bahrain International Circuit";"Bahrain";27.4317;21.4969;0.0;13;91.473;3;"S, H, S, S";-3;16;0.0;93.996;24
"L NORRIS";"NOR";8;79;0;2;0;"McLaren";5;115;0;"MCL60";"Bahrain International Circuit";"Bahrain";27.4317;21.4969;0.0;11;91.381;6;"S, H, S, M, H, S, S";-6;17;0.0;95.257;4
"E OCON";"OCO";11;36;0;1;0;"Alpine";6;73;0;"A523";"Bahrain International Circuit";"Bahrain";27.4317;21.4969;0.0;9;90.984;3;"S, H, H, H";-9;18;0.0;96.797;31
"C LECLERC";"LEC";6;111;0;3;2;"Ferrari";3;228;0;"SF-23";"Bahrain International Circuit";"Bahrain";27.4317;21.4969;0.0;3;90.0;2;"S, H, H";-16;19;0.0;97.17;16
"O PIASTRI";"PIA";12;36;0;0;0;"McLaren";5;115;0;"MCL60";"Bahrain International Circuit";"Bahrain";27.4317;21.4969;0.0;18;92.101;0;"S";-2;20;0.0;100.691;81
"S PEREZ";"PER";2;219;2;8;2;"Red Bull Racing";1;583;14;"RB19";"Jeddah Corniche Circuit";"Saudi Arabia";26.0919;57.7905;0.0;1;88.265;1;"M, H";0;1;4874.89;92.188;11
"M VERSTAPPEN";"VER";1;364;12;14;8;"Red Bull Racing";1;583;14;"RB19";"Jeddah Corniche Circuit";"Saudi Arabia";26.0919;57.7905;0.0;15;109.953;1;"M, H";13;2;4880.25;91.906;1
"F ALONSO";"ALO";3;170;0;7;0;"Aston Martin";4;217;0;"AMR23";"Jeddah Corniche Circuit";"Saudi Arabia";26.0919;57.7905;0.0;3;88.73;1;"M, H";-1;3;4895.62;92.24;14
"G RUSSELL";"RUS";7;109;0;1;0;"Mercedes";2;273;0;"W14";"Jeddah Corniche Circuit";"Saudi Arabia";26.0919;57.7905;0.0;4;88.857;1;"M, H";-1;4;4900.76;92.433;63
"L HAMILTON";"HAM";4;164;0;4;1;"Mercedes";2;273;0;"W14";"Jeddah Corniche Circuit";"Saudi Arabia";26.0919;57.7905;0.0;8;89.223;1;"H, M";2;5;4905.96;92.941;44
"C SAINZ";"SAI";5;117;0;1;1;"Ferrari";3;228;0;"SF-23";"Jeddah Corniche Circuit";"Saudi Arabia";26.0919;57.7905;0.0;5;88.931;1;"M, H";-2;6;4910.77;92.822;55
"C LECLERC";"LEC";6;111;0;3;2;"Ferrari";3;228;0;"SF-23";"Jeddah Corniche Circuit";"Saudi Arabia";26.0919;57.7905;0.0;2;88.42;1;"S, H";5;7;4918.06;93.056;16
"E OCON";"OCO";11;36;0;1;0;"Alpine";6;73;0;"A523";"Jeddah Corniche Circuit";"Saudi Arabia";26.0919;57.7905;0.0;7;89.078;1;"M, H";-2;8;4927.73;93.222;31
"P GASLY";"GAS";10;37;0;1;0;"Alpine";6;73;0;"A523";"Jeddah Corniche Circuit";"Saudi Arabia";26.0919;57.7905;0.0;10;89.357;1;"M, H";0;9;4929.64;93.392;10
"K MAGNUSSEN";"MAG";18;2;0;0;0;"Haas F1 Team";8;11;0;"VF-23";"Jeddah Corniche Circuit";"Saudi Arabia";26.0919;57.7905;0.0;13;89.634;1;"M, H";3;10;4939.72;93.374;20
"Y TSUNODA";"TSU";17;3;0;0;0;"AlphaTauri";10;3;0;"AT04";"Jeddah Corniche Circuit";"Saudi Arabia";26.0919;57.7905;0.0;16;89.939;1;"M, H";5;11;4942.39;93.931;22
"N HULKENBERG";"HUL";14;9;0;0;0;"Haas F1 Team";8;11;0;"VF-23";"Jeddah Corniche Circuit";"Saudi Arabia";26.0919;57.7905;0.0;11;89.451;1;"M, H";-2;12;4945.48;93.78;27
"G ZHOU";"ZHO";16;4;0;0;0;"Alfa Romeo";9;10;0;"C43";"Jeddah Corniche Circuit";"Saudi Arabia";26.0919;57.7905;0.0;12;89.461;2;"M, H, M";-2;13;4950.95;93.894;24
"N DE VRIES";"DEV";21;0;0;0;0;"AlphaTauri";10;3;0;"AT04";"Jeddah Corniche Circuit";"Saudi Arabia";26.0919;57.7905;0.0;18;90.244;1;"M, H";4;14;4952.37;93.609;21
"O PIASTRI";"PIA";12;36;0;0;0;"McLaren";5;115;0;"MCL60";"Jeddah Corniche Circuit";"Saudi Arabia";26.0919;57.7905;0.0;9;89.243;1;"M, H";-7;15;4959.92;94.287;81
"L SARGEANT";"SAR";19;0;0;0;0;"Williams";7;21;0;"FW45";"Jeddah Corniche Circuit";"Saudi Arabia";26.0919;57.7905;0.0;20;128.51;1;"H, M";4;16;4961.19;94.469;2
"L NORRIS";"NOR";8;79;0;2;0;"McLaren";5;115;0;"MCL60";"Jeddah Corniche Circuit";"Saudi Arabia";26.0919;57.7905;0.0;19;90.447;2;"S, H, M";2;17;4961.34;94.122;4
"V BOTTAS";"BOT";15;6;0;0;0;"Alfa Romeo";9;10;0;"C43";"Jeddah Corniche Circuit";"Saudi Arabia";26.0919;57.7905;0.0;14;89.668;3;"M, H, M, S";-4;18;0.0;94.384;77
"A ALBON";"ALB";13;21;0;0;0;"Williams";7;21;0;"FW45";"Jeddah Corniche Circuit";"Saudi Arabia";26.0919;57.7905;0.0;17;89.994;1;"M, H";-2;19;0.0;95.567;23
"L STROLL";"STR";9;47;0;0;0;"Aston Martin";4;217;0;"AMR23";"Jeddah Corniche Circuit";"Saudi Arabia";26.0919;57.7905;0.0;6;88.945;1;"M, H";-15;20;0.0;95.14;18
"M VERSTAPPEN";"VER";1;364;12;14;8;"Red Bull Racing";1;583;14;"RB19";"Albert Park Circuit";"Australia";17.4495;54.1577;0.0;1;76.732;3;"M, H, S, S";0;1;9158.37;80.342;1
"L HAMILTON";"HAM";4;164;0;4;1;"Mercedes";2;273;0;"W14";"Albert Park Circuit";"Australia";17.4495;54.1577;0.0;3;77.104;3;"M, H, S, S";1;2;9158.55;80.613;44
"F ALONSO";"ALO";3;170;0;7;0;"Aston Martin";4;217;0;"AMR23";"Albert Park Circuit";"Australia";17.4495;54.1577;0.0;4;77.139;3;"M, H, S, S";1;3;9159.14;80.476;14
"L STROLL";"STR";9;47;0;0;0;"Aston Martin";4;217;0;"AMR23";"Albert Park Circuit";"Australia";17.4495;54.1577;0.0;6;77.308;3;"M, H, S, S";2;4;9161.45;80.934;18
"S PEREZ";"PER";2;219;2;8;2;"Red Bull Racing";1;583;14;"RB19";"Albert Park Circuit";"Australia";17.4495;54.1577;0.0;20;0.0;5;"H, M, H, H, S, S";-5;5;9161.69;80.235;11
"L NORRIS";"NOR";8;79;0;2;0;"McLaren";5;115;0;"MCL60";"Albert Park Circuit";"Australia";17.4495;54.1577;0.0;13;78.119;3;"M, H, S, S";7;6;9162.07;81.173;4
"N HULKENBERG";"HUL";14;9;0;0;0;"Haas F1 Team";8;11;0;"VF-23";"Albert Park Circuit";"Australia";17.4495;54.1577;0.0;10;77.735;3;"M, H, S, S";3;7;9163.31;81.124;27
"O PIASTRI";"PIA";12;36;0;0;0;"McLaren";5;115;0;"MCL60";"Albert Park Circuit";"Australia";17.4495;54.1577;0.0;16;78.517;4;"M, H, S, S, S";8;8;9163.75;81.335;81
"G ZHOU";"ZHO";16;4;0;0;0;"Alfa Romeo";9;10;0;"C43";"Albert Park Circuit";"Australia";17.4495;54.1577;0.0;17;78.54;5;"S, H, H, S, S, S";8;9;9164.08;81.819;24
"Y TSUNODA";"TSU";17;3;0;0;0;"AlphaTauri";10;3;0;"AT04";"Albert Park Circuit";"Australia";17.4495;54.1577;0.0;12;78.099;4;"M, H, S, S, S";2;10;9164.42;81.789;22
"V BOTTAS";"BOT";15;6;0;0;0;"Alfa Romeo";9;10;0;"C43";"Albert Park Circuit";"Australia";17.4495;54.1577;0.0;19;78.714;6;"S, H, H, S, S, S, S";-11;11;9164.88;82.233;77
"C SAINZ";"SAI";5;117;0;1;1;"Ferrari";3;228;0;"SF-23";"Albert Park Circuit";"Australia";17.4495;54.1577;0.0;5;77.27;4;"M, H, H, S, S";-7;12;9164.96;80.467;55
"P GASLY";"GAS";10;37;0;1;0;"Alpine";6;73;0;"A523";"Albert Park Circuit";"Australia";17.4495;54.1577;0.0;9;77.675;2;"S, H, S";-4;13;0.0;80.995;10
"E OCON";"OCO";11;36;0;1;0;"Alpine";6;73;0;"A523";"Albert Park Circuit";"Australia";17.4495;54.1577;0.0;11;77.768;3;"S, H, H, S";-3;14;0.0;81.203;31
"N DE VRIES";"DEV";21;0;0;0;0;"AlphaTauri";10;3;0;"AT04";"Albert Park Circuit";"Australia";17.4495;54.1577;0.0;15;78.335;4;"H, M, S, S, S";0;15;0.0;81.183;21
"L SARGEANT";"SAR";19;0;0;0;0;"Williams";7;21;0;"FW45";"Albert Park Circuit";"Australia";17.4495;54.1577;0.0;18;78.557;6;"H, M, H, M, H, S, S";2;16;0.0;81.456;2
"K MAGNUSSEN";"MAG";18;2;0;0;0;"Haas F1 Team";8;11;0;"VF-23";"Albert Park Circuit";"Australia";17.4495;54.1577;0.0;14;78.129;2;"M, H, H";-3;17;0.0;81.685;20
"G RUSSELL";"RUS";7;109;0;1;0;"Mercedes";2;273;0;"W14";"Albert Park Circuit";"Australia";17.4495;54.1577;0.0;2;76.968;2;"M, H, H";-16;18;0.0;82.68;63
"A ALBON";"ALB";13;21;0;0;0;"Williams";7;21;0;"FW45";"Albert Park Circuit";"Australia";17.4495;54.1577;0.0;8;77.609;0;"M";-11;19;0.0;83.349;23
"C LECLERC";"LEC";6;111;0;3;2;"Ferrari";3;228;0;"SF-23";"Albert Park Circuit";"Australia";17.4495;54.1577;0.0;7;77.369;0;"M";-13;20;0.0;0.0;16
"S PEREZ";"PER";2;219;2;8;2;"Red Bull Racing";1;583;14;"RB19";"Baku City Circuit";"Azerbaijan";24.8606;49.225;0.0;3;100.495;1;"M, H";2;1;5562.44;104.589;11
"M VERSTAPPEN";"VER";1;364;12;14;8;"Red Bull Racing";1;583;14;"RB19";"Baku City Circuit";"Azerbaijan";24.8606;49.225;0.0;2;100.391;1;"M, H";0;2;5564.57;104.232;1
"C LECLERC";"LEC";6;111;0;3;2;"Ferrari";3;228;0;"SF-23";"Baku City Circuit";"Azerbaijan";24.8606;49.225;0.0;1;100.203;1;"M, H";-2;3;5583.65;104.561;16
"F ALONSO";"ALO";3;170;0;7;0;"Aston Martin";4;217;0;"AMR23";"Baku City Circuit";"Azerbaijan";24.8606;49.225;0.0;6;101.253;1;"M, H";2;4;5584.46;104.241;14
"C SAINZ";"SAI";5;117;0;1;1;"Ferrari";3;228;0;"SF-23";"Baku City Circuit";"Azerbaijan";24.8606;49.225;0.0;4;101.016;1;"M, H";-1;5;5607.93;105.175;55
"L HAMILTON";"HAM";4;164;0;4;1;"Mercedes";2;273;0;"W14";"Baku City Circuit";"Azerbaijan";24.8606;49.225;0.0;5;101.177;1;"M, H";-1;6;5608.58;105.346;44
"L STROLL";"STR";9;47;0;0;0;"Aston Martin";4;217;0;"AMR23";"Baku City Circuit";"Azerbaijan";24.8606;49.225;0.0;9;101.611;1;"M, H";2;7;5614.05;105.627;18
"G RUSSELL";"RUS";7;109;0;1;0;"Mercedes";2;273;0;"W14";"Baku City Circuit";"Azerbaijan";24.8606;49.225;0.0;11;101.654;2;"M, H, S";3;8;5636.68;103.37;63
"L NORRIS";"NOR";8;79;0;2;0;"McLaren";5;115;0;"MCL60";"Baku City Circuit";"Azerbaijan";24.8606;49.225;0.0;7;101.281;1;"M, H";-2;9;5642.81;105.738;4
"Y TSUNODA";"TSU";17;3;0;0;0;"AlphaTauri";10;3;0;"AT04";"Baku City Circuit";"Azerbaijan";24.8606;49.225;0.0;8;101.581;1;"M, H";-2;10;5646.3;105.727;22
"O PIASTRI";"PIA";12;36;0;0;0;"McLaren";5;115;0;"MCL60";"Baku City Circuit";"Azerbaijan";24.8606;49.225;0.0;10;101.611;1;"M, H";-1;11;5648.94;105.631;81
"A ALBON";"ALB";13;21;0;0;0;"Williams";7;21;0;"FW45";"Baku City Circuit";"Azerbaijan";24.8606;49.225;0.0;13;101.818;1;"M, H";0;12;5651.06;105.925;23
"K MAGNUSSEN";"MAG";18;2;0;0;0;"Haas F1 Team";8;11;0;"VF-23";"Baku City Circuit";"Azerbaijan";24.8606;49.225;0.0;18;103.417;1;"M, H";3;13;5652.17;105.85;20
"P GASLY";"GAS";10;37;0;1;0;"Alpine";6;73;0;"A523";"Baku City Circuit";"Azerbaijan";24.8606;49.225;0.0;19;104.853;2;"M, H, H";3;14;5653.77;105.54;10
"E OCON";"OCO";11;36;0;1;0;"Alpine";6;73;0;"A523";"Baku City Circuit";"Azerbaijan";24.8606;49.225;0.0;12;101.798;1;"H, S";-15;15;5660.23;105.908;31
"L SARGEANT";"SAR";19;0;0;0;0;"Williams";7;21;0;"FW45";"Baku City Circuit";"Azerbaijan";24.8606;49.225;0.0;15;102.395;1;"M, H";-2;16;5663.38;106.501;2
"N HULKENBERG";"HUL";14;9;0;0;0;"Haas F1 Team";8;11;0;"VF-23";"Baku City Circuit";"Azerbaijan";24.8606;49.225;0.0;17;102.755;1;"H, S";-17;17;0.0;106.731;27
"V BOTTAS";"BOT";15;6;0;0;0;"Alfa Romeo";9;10;0;"C43";"Baku City Circuit";"Azerbaijan";24.8606;49.225;0.0;14;102.259;3;"M, H, H, M";-5;18;0.0;106.304;77
"G ZHOU";"ZHO";16;4;0;0;0;"Alfa Romeo";9;10;0;"C43";"Baku City Circuit";"Azerbaijan";24.8606;49.225;0.0;16;102.642;1;"M, H";-4;19;0.0;107.553;24
"N DE VRIES";"DEV";21;0;0;0;0;"AlphaTauri";10;3;0;"AT04";"Baku City Circuit";"Azerbaijan";24.8606;49.225;0.0;20;0.0;0;"H";-2;20;0.0;108.781;21
"M VERSTAPPEN";"VER";1;364;12;14;8;"Red Bull Racing";1;583;14;"RB19";"Miami International Autodrome";"Miami (USA)";27.1174;59.4258;0.0;9;86.814;1;"H, M";8;1;5258.24;89.708;1
"S PEREZ";"PER";2;219;2;8;2;"Red Bull Racing";1;583;14;"RB19";"Miami International Autodrome";"Miami (USA)";27.1174;59.4258;0.0;1;86.841;1;"M, H";-1;2;5263.62;90.56;11
"F ALONSO";"ALO";3;170;0;7;0;"Aston Martin";4;217;0;"AMR23";"Miami International Autodrome";"Miami (USA)";27.1174;59.4258;0.0;2;87.202;1;"M, H";-1;3;5284.55;90.519;14
"G RUSSELL";"RUS";7;109;0;1;0;"Mercedes";2;273;0;"W14";"Miami International Autodrome";"Miami (USA)";27.1174;59.4258;0.0;6;87.804;1;"M, H";2;4;5291.47;91.015;63
"C SAINZ";"SAI";5;117;0;1;1;"Ferrari";3;228;0;"SF-23";"Miami International Autodrome";"Miami (USA)";27.1174;59.4258;0.0;3;87.349;1;"M, H";-2;5;5300.75;91.362;55
"L HAMILTON";"HAM";4;164;0;4;1;"Mercedes";2;273;0;"W14";"Miami International Autodrome";"Miami (USA)";27.1174;59.4258;0.0;13;87.975;1;"H, M";7;6;5309.49;90.669;44
"C LECLERC";"LEC";6;111;0;3;2;"Ferrari";3;228;0;"SF-23";"Miami International Autodrome";"Miami (USA)";27.1174;59.4258;0.0;7;87.861;1;"M, H";0;7;5311.23;91.434;16
"P GASLY";"GAS";10;37;0;1;0;"Alpine";6;73;0;"A523";"Miami International Autodrome";"Miami (USA)";27.1174;59.4258;0.0;5;87.786;1;"M, H";-3;8;5313.91;91.971;10
"E OCON";"OCO";11;36;0;1;0;"Alpine";6;73;0;"A523";"Miami International Autodrome";"Miami (USA)";27.1174;59.4258;0.0;8;87.935;1;"H, M";-1;9;5316.36;91.143;31
"K MAGNUSSEN";"MAG";18;2;0;0;0;"Haas F1 Team";8;11;0;"VF-23";"Miami International Autodrome";"Miami (USA)";27.1174;59.4258;0.0;4;87.767;1;"M, H";-6;10;5321.19;91.691;20
"Y TSUNODA";"TSU";17;3;0;0;0;"AlphaTauri";10;3;0;"AT04";"Miami International Autodrome";"Miami (USA)";27.1174;59.4258;0.0;17;88.429;1;"H, M";6;11;5322.55;91.038;22
"L STROLL";"STR";9;47;0;0;0;"Aston Martin";4;217;0;"AMR23";"Miami International Autodrome";"Miami (USA)";27.1174;59.4258;0.0;18;88.476;1;"H, M";6;12;5323.0;90.862;18
"V BOTTAS";"BOT";15;6;0;0;0;"Alfa Romeo";9;10;0;"C43";"Miami International Autodrome";"Miami (USA)";27.1174;59.4258;0.0;10;87.564;1;"M, H";-3;13;5329.88;91.838;77
"A ALBON";"ALB";13;21;0;0;0;"Williams";7;21;0;"FW45";"Miami International Autodrome";"Miami (USA)";27.1174;59.4258;0.0;11;87.795;1;"M, H";-3;14;5331.1;91.852;23
"N HULKENBERG";"HUL";14;9;0;0;0;"Haas F1 Team";8;11;0;"VF-23";"Miami International Autodrome";"Miami (USA)";27.1174;59.4258;0.0;12;87.903;1;"H, M";-3;15;5333.19;90.901;27
"G ZHOU";"ZHO";16;4;0;0;0;"Alfa Romeo";9;10;0;"C43";"Miami International Autodrome";"Miami (USA)";27.1174;59.4258;0.0;14;88.091;1;"H, M";-2;16;5336.68;91.736;24
"L NORRIS";"NOR";8;79;0;2;0;"McLaren";5;115;0;"MCL60";"Miami International Autodrome";"Miami (USA)";27.1174;59.4258;0.0;16;88.394;1;"S, H";-1;17;5345.96;92.401;4
"N DE VRIES";"DEV";21;0;0;0;0;"AlphaTauri";10;3;0;"AT04";"Miami International Autodrome";"Miami (USA)";27.1174;59.4258;0.0;15;88.395;1;"M, H";-3;18;5347.19;91.562;21
"O PIASTRI";"PIA";12;36;0;0;0;"McLaren";5;115;0;"MCL60";"Miami International Autodrome";"Miami (USA)";27.1174;59.4258;0.0;19;88.484;1;"S, H";0;19;0.0;92.006;81
"L SARGEANT";"SAR";19;0;0;0;0;"Williams";7;21;0;"FW45";"Miami International Autodrome";"Miami (USA)";27.1174;59.4258;0.0;20;88.577;1;"M, H";0;20;0.0;92.384;2
"M VERSTAPPEN";"VER";1;364;12;14;8;"Red Bull Racing";1;583;14;"RB19";"Circuit de Monaco";"Monaco";25.0659;45.8636;0.147727;1;71.365;1;"M, I";0;1;6531.98;76.604;1
"F ALONSO";"ALO";3;170;0;7;0;"Aston Martin";4;217;0;"AMR23";"Circuit de Monaco";"Monaco";25.0659;45.8636;0.147727;2;71.449;2;"H, M, I";0;2;6559.9;76.674;14
"E OCON";"OCO";11;36;0;1;0;"Alpine";6;73;0;"A523";"Circuit de Monaco";"Monaco";25.0659;45.8636;0.147727;4;71.553;2;"M, H, I";0;3;6568.97;76.528;31
"L HAMILTON";"HAM";4;164;0;4;1;"Mercedes";2;273;0;"W14";"Circuit de Monaco";"Monaco";25.0659;45.8636;0.147727;6;71.725;2;"M, H, I";1;4;6571.04;75.65;44
"G RUSSELL";"RUS";7;109;0;1;0;"Mercedes";2;273;0;"W14";"Circuit de Monaco";"Monaco";25.0659;45.8636;0.147727;8;71.964;1;"H, I";3;5;6588.26;76.798;63
"C LECLERC";"LEC";6;111;0;3;2;"Ferrari";3;228;0;"SF-23";"Circuit de Monaco";"Monaco";25.0659;45.8636;0.147727;3;71.471;2;"H, M, I";0;6;6593.87;75.773;16
"P GASLY";"GAS";10;37;0;1;0;"Alpine";6;73;0;"A523";"Circuit de Monaco";"Monaco";25.0659;45.8636;0.147727;7;71.933;2;"H, M, I";0;7;6594.34;75.831;10
"C SAINZ";"SAI";5;117;0;1;1;"Ferrari";3;228;0;"SF-23";"Circuit de Monaco";"Monaco";25.0659;45.8636;0.147727;5;71.63;2;"H, M, I";-4;8;6595.37;76.449;55
"L NORRIS";"NOR";8;79;0;2;0;"McLaren";5;115;0;"MCL60";"Circuit de Monaco";"Monaco";25.0659;45.8636;0.147727;10;72.254;2;"M, H, I";1;9;0.0;77.844;4
"O PIASTRI";"PIA";12;36;0;0;0;"McLaren";5;115;0;"MCL60";"Circuit de Monaco";"Monaco";25.0659;45.8636;0.147727;11;72.395;1;"H, I";1;10;0.0;77.513;81
"V BOTTAS";"BOT";15;6;0;0;0;"Alfa Romeo";9;10;0;"C43";"Circuit de Monaco";"Monaco";25.0659;45.8636;0.147727;15;72.625;1;"H, I";4;11;0.0;77.824;77
"N DE VRIES";"DEV";21;0;0;0;0;"AlphaTauri";10;3;0;"AT04";"Circuit de Monaco";"Monaco";25.0659;45.8636;0.147727;12;72.428;1;"M, I";0;12;0.0;77.561;21
"G ZHOU";"ZHO";16;4;0;0;0;"Alfa Romeo";9;10;0;"C43";"Circuit de Monaco";"Monaco";25.0659;45.8636;0.147727;19;73.523;2;"S, H, I";6;13;0.0;76.926;24
"A ALBON";"ALB";13;21;0;0;0;"Williams";7;21;0;"FW45";"Circuit de Monaco";"Monaco";25.0659;45.8636;0.147727;13;72.527;2;"M, H, I";-1;14;0.0;76.672;23
"Y TSUNODA";"TSU";17;3;0;0;0;"AlphaTauri";10;3;0;"AT04";"Circuit de Monaco";"Monaco";25.0659;45.8636;0.147727;9;72.082;1;"M, I";-6;15;0.0;77.68;22
"S PEREZ";"PER";2;219;2;8;2;"Red Bull Racing";1;583;14;"RB19";"Circuit de Monaco";"Monaco";25.0659;45.8636;0.147727;20;73.85;5;"M, H, M, I, W, I";4;16;0.0;76.269;11
"N HULKENBERG";"HUL";14;9;0;0;0;"Haas F1 Team";8;11;0;"VF-23";"Circuit de Monaco";"Monaco";25.0659;45.8636;0.147727;18;73.279;3;"M, H, I, W";1;17;0.0;76.991;27
"L SARGEANT";"SAR";19;0;0;0;0;"Williams";7;21;0;"FW45";"Circuit de Monaco";"Monaco";25.0659;45.8636;0.147727;16;73.113;3;"M, H, S, I";-2;18;0.0;77.302;2
"K MAGNUSSEN";"MAG";18;2;0;0;0;"Haas F1 Team";8;11;0;"VF-23";"Circuit de Monaco";"Monaco";25.0659;45.8636;0.147727;17;73.27;1;"H, W";-2;19;0.0;78.351;20
"L STROLL";"STR";9;47;0;0;0;"Aston Martin";4;217;0;"AMR23";"Circuit de Monaco";"Monaco";25.0659;45.8636;0.147727;14;72.623;1;"H, I";-6;20;0.0;77.769;18
"M VERSTAPPEN";"VER";1;364;12;14;8;"Red Bull Racing";1;583;14;"RB19";"Circuit de Barcelona-Catalunya";"Spain";22.674;63.0779;0.0;1;72.272;2;"M, H, S";0;1;5277.94;76.33;1
"L HAMILTON";"HAM";4;164;0;4;1;"Mercedes";2;273;0;"W14";"Circuit de Barcelona-Catalunya";"Spain";22.674;63.0779;0.0;5;72.818;2;"S, M, S";2;2;5302.03;76.676;44
"G RUSSELL";"RUS";7;109;0;1;0;"Mercedes";2;273;0;"W14";"Circuit de Barcelona-Catalunya";"Spain";22.674;63.0779;0.0;12;73.447;2;"S, M, S";9;3;5310.33;77.875;63
"S PEREZ";"PER";2;219;2;8;2;"Red Bull Racing";1;583;14;"RB19";"Circuit de Barcelona-Catalunya";"Spain";22.674;63.0779;0.0;11;73.334;2;"M, H, S";7;4;5313.75;76.666;11
"C SAINZ";"SAI";5;117;0;1;1;"Ferrari";3;228;0;"SF-23";"Circuit de Barcelona-Catalunya";"Spain";22.674;63.0779;0.0;2;72.734;2;"S, M, H";-3;5;5323.64;78.403;55
"L STROLL";"STR";9;47;0;0;0;"Aston Martin";4;217;0;"AMR23";"Circuit de Barcelona-Catalunya";"Spain";22.674;63.0779;0.0;6;72.994;2;"S, S, H";-1;6;5341.26;78.722;18
"F ALONSO";"ALO";3;170;0;7;0;"Aston Martin";4;217;0;"AMR23";"Circuit de Barcelona-Catalunya";"Spain";22.674;63.0779;0.0;9;73.507;2;"S, S, H";1;7;5342.07;78.083;14
"E OCON";"OCO";11;36;0;1;0;"Alpine";6;73;0;"A523";"Circuit de Barcelona-Catalunya";"Spain";22.674;63.0779;0.0;7;73.083;2;"S, M ,H";-2;8;5347.18;78.946;31
"G ZHOU";"ZHO";16;4;0;0;0;"Alfa Romeo";9;10;0;"C43";"Circuit de Barcelona-Catalunya";"Spain";22.674;63.0779;0.0;13;73.521;2;"S, H, H";4;9;5349.82;78.753;24
"P GASLY";"GAS";10;37;0;1;0;"Alpine";6;73;0;"A523";"Circuit de Barcelona-Catalunya";"Spain";22.674;63.0779;0.0;4;72.816;2;"S, M, H";0;10;5351.47;78.375;10
"C LECLERC";"LEC";6;111;0;3;2;"Ferrari";3;228;0;"SF-23";"Circuit de Barcelona-Catalunya";"Spain";22.674;63.0779;0.0;19;74.079;2;"H, S, H";8;11;5352.36;78.357;16
"Y TSUNODA";"TSU";17;3;0;0;0;"AlphaTauri";10;3;0;"AT04";"Circuit de Barcelona-Catalunya";"Spain";22.674;63.0779;0.0;15;74.477;2;"S, H, M";3;12;5353.36;78.904;22
"O PIASTRI";"PIA";12;36;0;0;0;"McLaren";5;115;0;"MCL60";"Circuit de Barcelona-Catalunya";"Spain";22.674;63.0779;0.0;10;73.682;2;"S, H, M";-4;13;0.0;78.679;81
"N DE VRIES";"DEV";21;0;0;0;0;"AlphaTauri";10;3;0;"AT04";"Circuit de Barcelona-Catalunya";"Spain";22.674;63.0779;0.0;14;74.083;2;"S, H, M";0;14;0.0;78.594;21
"N HULKENBERG";"HUL";14;9;0;0;0;"Haas F1 Team";8;11;0;"VF-23";"Circuit de Barcelona-Catalunya";"Spain";22.674;63.0779;0.0;8;73.229;3;"S, M, H, M";-8;15;0.0;78.776;27
"A ALBON";"ALB";13;21;0;0;0;"Williams";7;21;0;"FW45";"Circuit de Barcelona-Catalunya";"Spain";22.674;63.0779;0.0;18;74.063;2;"S, H, M";2;16;0.0;79.133;23
"L NORRIS";"NOR";8;79;0;2;0;"McLaren";5;115;0;"MCL60";"Circuit de Barcelona-Catalunya";"Spain";22.674;63.0779;0.0;3;72.792;3;"S, H, M, S";-14;17;0.0;77.182;4
"K MAGNUSSEN";"MAG";18;2;0;0;0;"Haas F1 Team";8;11;0;"VF-23";"Circuit de Barcelona-Catalunya";"Spain";22.674;63.0779;0.0;17;74.042;3;"S, M, H, M";-1;18;0.0;78.069;20
"V BOTTAS";"BOT";15;6;0;0;0;"Alfa Romeo";9;10;0;"C43";"Circuit de Barcelona-Catalunya";"Spain";22.674;63.0779;0.0;16;73.977;2;"S, H, H";-3;19;0.0;78.242;77
"L SARGEANT";"SAR";19;0;0;0;0;"Williams";7;21;0;"FW45";"Circuit de Barcelona-Catalunya";"Spain";22.674;63.0779;0.0;20;74.699;2;"M, H, ";0;20;0.0;79.247;2
"M VERSTAPPEN";"VER";1;364;12;14;8;"Red Bull Racing";1;583;14;"RB19";"Circuit Gilles-Villeneuve";"Canada";18.5302;63.9012;0.0;1;85.858;2;"M, H, M";0;1;5638.35;75.594;1
"F ALONSO";"ALO";3;170;0;7;0;"Aston Martin";4;217;0;"AMR23";"Circuit Gilles-Villeneuve";"Canada";18.5302;63.9012;0.0;3;87.286;2;"M, H, H";0;2;5647.92;75.779;14
"L HAMILTON";"HAM";4;164;0;4;1;"Mercedes";2;273;0;"W14";"Circuit Gilles-Villeneuve";"Canada";18.5302;63.9012;0.0;4;87.627;2;"M, H, M";0;3;5642.95;75.396;44
"C LECLERC";"LEC";6;111;0;3;2;"Ferrari";3;228;0;"SF-23";"Circuit Gilles-Villeneuve";"Canada";18.5302;63.9012;0.0;11;80.615;1;"M, H";6;4;5657.0;75.907;16
"C SAINZ";"SAI";5;117;0;1;1;"Ferrari";3;228;0;"SF-23";"Circuit Gilles-Villeneuve";"Canada";18.5302;63.9012;0.0;8;89.294;1;"M, H";6;5;5659.89;75.911;55
"S PEREZ";"PER";2;219;2;8;2;"Red Bull Racing";1;583;14;"RB19";"Circuit Gilles-Villeneuve";"Canada";18.5302;63.9012;0.0;12;80.959;2;"H, M, S";6;6;5689.38;74.481;11
"A ALBON";"ALB";13;21;0;0;0;"Williams";7;21;0;"FW45";"Circuit Gilles-Villeneuve";"Canada";18.5302;63.9012;0.0;10;78.725;1;"M, H";2;7;5699.16;76.917;23
"E OCON";"OCO";11;36;0;1;0;"Alpine";6;73;0;"A523";"Circuit Gilles-Villeneuve";"Canada";18.5302;63.9012;0.0;6;87.945;2;"M, H, H";-2;8;5700.04;76.782;31
"L STROLL";"STR";9;47;0;0;0;"Aston Martin";4;217;0;"AMR23";"Circuit Gilles-Villeneuve";"Canada";18.5302;63.9012;0.0;13;81.484;2;"M, H, H";7;9;5702.75;76.564;18
"V BOTTAS";"BOT";15;6;0;0;0;"Alfa Romeo";9;10;0;"C43";"Circuit Gilles-Villeneuve";"Canada";18.5302;63.9012;0.0;15;81.821;1;"H, M";4;10;5702.78;76.625;77
"O PIASTRI";"PIA";12;36;0;0;0;"McLaren";5;115;0;"MCL60";"Circuit Gilles-Villeneuve";"Canada";18.5302;63.9012;0.0;9;91.349;2;"M, H, H";-3;11;5703.45;76.598;81
"P GASLY";"GAS";10;37;0;1;0;"Alpine";6;73;0;"A523";"Circuit Gilles-Villeneuve";"Canada";18.5302;63.9012;0.0;17;82.886;2;"S, H, H";3;12;5703.6;76.425;10
"L NORRIS";"NOR";8;79;0;2;0;"McLaren";5;115;0;"MCL60";"Circuit Gilles-Villeneuve";"Canada";18.5302;63.9012;0.0;7;88.046;2;"M, H, H";-6;13;5706.71;76.374;4
"Y TSUNODA";"TSU";17;3;0;0;0;"AlphaTauri";10;3;0;"AT04";"Circuit Gilles-Villeneuve";"Canada";18.5302;63.9012;0.0;16;82.746;2;"M, H, H";5;14;5711.77;76.666;22
"N HULKENBERG";"HUL";14;9;0;0;0;"Haas F1 Team";8;11;0;"VF-23";"Circuit Gilles-Villeneuve";"Canada";18.5302;63.9012;0.0;2;87.102;2;"M, H, H";-10;15;0.0;77.232;27
"G ZHOU";"ZHO";16;4;0;0;0;"Alfa Romeo";9;10;0;"C43";"Circuit Gilles-Villeneuve";"Canada";18.5302;63.9012;0.0;20;83.342;2;"M, H, H";4;16;0.0;77.09;24
"K MAGNUSSEN";"MAG";18;2;0;0;0;"Haas F1 Team";8;11;0;"VF-23";"Circuit Gilles-Villeneuve";"Canada";18.5302;63.9012;0.0;14;81.678;2;"H, M, M";-4;17;0.0;76.126;20
"N DE VRIES";"DEV";21;0;0;0;0;"AlphaTauri";10;3;0;"AT04";"Circuit Gilles-Villeneuve";"Canada";18.5302;63.9012;0.0;18;83.137;2;"M, H, H";-1;18;0.0;76.656;21
"G RUSSELL";"RUS";7;109;0;1;0;"Mercedes";2;273;0;"W14";"Circuit Gilles-Villeneuve";"Canada";18.5302;63.9012;0.0;5;87.893;1;"M, H";-15;19;0.0;77.097;63
"L SARGEANT";"SAR";19;0;0;0;0;"Williams";7;21;0;"FW45";"Circuit Gilles-Villeneuve";"Canada";18.5302;63.9012;0.0;19;83.337;0;"M";-2;20;0.0;78.437;2
"M VERSTAPPEN";"VER";1;364;12;14;8;"Red Bull Racing";1;583;14;"RB19";"Red Bull Ring";"Austria";22.398;52.0458;0.0196078;1;64.391;4;"M, M, H, M, S";0;1;5133.61;67.012;1
"C LECLERC";"LEC";6;111;0;3;2;"Ferrari";3;228;0;"SF-23";"Red Bull Ring";"Austria";22.398;52.0458;0.0196078;2;64.439;3;"M, M, M, H";0;2;5138.76;68.82;16
"S PEREZ";"PER";2;219;2;8;2;"Red Bull Racing";1;583;14;"RB19";"Red Bull Ring";"Austria";22.398;52.0458;0.0196078;15;126.688;3;"M, M, M, H";12;3;5150.79;68.111;11
"L NORRIS";"NOR";8;79;0;2;0;"McLaren";5;115;0;"MCL60";"Red Bull Ring";"Austria";22.398;52.0458;0.0196078;4;64.658;3;"M, M, H, H";0;4;5159.93;68.739;4
"F ALONSO";"ALO";3;170;0;7;0;"Aston Martin";4;217;0;"AMR23";"Red Bull Ring";"Austria";22.398;52.0458;0.0196078;7;64.911;3;"H, H, M, M";2;5;5163.92;69.108;14
"C SAINZ";"SAI";5;117;0;1;1;"Ferrari";3;228;0;"SF-23";"Red Bull Ring";"Austria";22.398;52.0458;0.0196078;3;64.581;3;"M, M, M, H";-3;6;5164.98;68.88;55
"G RUSSELL";"RUS";7;109;0;1;0;"Mercedes";2;273;0;"W14";"Red Bull Ring";"Austria";22.398;52.0458;0.0196078;11;65.428;3;"M, M, H,M ";4;7;5182.01;69.283;63
"L HAMILTON";"HAM";4;164;0;4;1;"Mercedes";2;273;0;"W14";"Red Bull Ring";"Austria";22.398;52.0458;0.0196078;5;64.819;3;"M, M, H, M";-3;8;5182.8;69.16;44
"L STROLL";"STR";9;47;0;0;0;"Aston Martin";4;217;0;"AMR23";"Red Bull Ring";"Austria";22.398;52.0458;0.0196078;6;64.893;4;"M, M, H, H, M";-3;9;5192.65;68.463;18
"P GASLY";"GAS";10;37;0;1;0;"Alpine";6;73;0;"A523";"Red Bull Ring";"Austria";22.398;52.0458;0.0196078;9;65.17;3;"M, M, H, M";-1;10;5201.27;69.046;10
"A ALBON";"ALB";13;21;0;0;0;"Williams";7;21;0;"FW45";"Red Bull Ring";"Austria";22.398;52.0458;0.0196078;10;65.823;3;"M, M, H, H";-1;11;5213.37;69.56;23
"G ZHOU";"ZHO";16;4;0;0;0;"Alfa Romeo";9;10;0;"C43";"Red Bull Ring";"Austria";22.398;52.0458;0.0196078;17;65.818;3;"M, M, H, H";5;12;0.0;69.786;24
"L SARGEANT";"SAR";19;0;0;0;0;"Williams";7;21;0;"FW45";"Red Bull Ring";"Austria";22.398;52.0458;0.0196078;18;65.948;3;"M, M, H, H";5;13;0.0;69.611;2
"E OCON";"OCO";11;36;0;1;0;"Alpine";6;73;0;"A523";"Red Bull Ring";"Austria";22.398;52.0458;0.0196078;12;65.453;3;"M, M, H, H";-2;14;0.0;69.797;31
"V BOTTAS";"BOT";15;6;0;0;0;"Alfa Romeo";9;10;0;"C43";"Red Bull Ring";"Austria";22.398;52.0458;0.0196078;14;65.68;3;"H, H, M, H";-1;15;0.0;69.94;77
"O PIASTRI";"PIA";12;36;0;0;0;"McLaren";5;115;0;"MCL60";"Red Bull Ring";"Austria";22.398;52.0458;0.0196078;13;65.605;4;"M, M, H, H, M";-3;16;0.0;69.862;81
"N DE VRIES";"DEV";21;0;0;0;0;"AlphaTauri";10;3;0;"AT04";"Red Bull Ring";"Austria";22.398;52.0458;0.0196078;20;65.974;3;"M, M, H, M";-17;17;0.0;69.852;21
"K MAGNUSSEN";"MAG";18;2;0;0;0;"Haas F1 Team";8;11;0;"VF-23";"Red Bull Ring";"Austria";22.398;52.0458;0.0196078;19;65.971;3;"H, M, H, H";-18;18;0.0;70.176;20
"Y TSUNODA";"TSU";17;3;0;0;0;"AlphaTauri";10;3;0;"AT04";"Red Bull Ring";"Austria";22.398;52.0458;0.0196078;16;65.784;4;"M, H, H, H, M";-3;19;0.0;69.62;22
"N HULKENBERG";"HUL";14;9;0;0;0;"Haas F1 Team";8;11;0;"VF-23";"Red Bull Ring";"Austria";22.398;52.0458;0.0196078;8;65.09;2;"M, M, H";-12;20;0.0;71.066;27
"M VERSTAPPEN";"VER";1;364;12;14;8;"Red Bull Racing";1;583;14;"RB19";"Silverstone Circuit";"Great Britain";21.4735;56.1854;0.0;1;86.72;1;"M, S";0;1;5116.94;90.275;1
"L NORRIS";"NOR";8;79;0;2;0;"McLaren";5;115;0;"MCL60";"Silverstone Circuit";"Great Britain";21.4735;56.1854;0.0;2;86.961;1;"M, H";0;2;5120.74;90.543;4
"L HAMILTON";"HAM";4;164;0;4;1;"Mercedes";2;273;0;"W14";"Silverstone Circuit";"Great Britain";21.4735;56.1854;0.0;7;87.211;1;"M, S";4;3;5123.72;90.545;44
"O PIASTRI";"PIA";12;36;0;0;0;"McLaren";5;115;0;"MCL60";"Silverstone Circuit";"Great Britain";21.4735;56.1854;0.0;3;87.092;1;"M, H";-1;4;5124.71;90.85;81
"G RUSSELL";"RUS";7;109;0;1;0;"Mercedes";2;273;0;"W14";"Silverstone Circuit";"Great Britain";21.4735;56.1854;0.0;6;87.155;1;"S, M";1;5;5128.14;91.124;63
"S PEREZ";"PER";2;219;2;8;2;"Red Bull Racing";1;583;14;"RB19";"Silverstone Circuit";"Great Britain";21.4735;56.1854;0.0;16;89.968;1;"M, S";9;6;5129.82;90.914;11
"F ALONSO";"ALO";3;170;0;7;0;"Aston Martin";4;217;0;"AMR23";"Silverstone Circuit";"Great Britain";21.4735;56.1854;0.0;9;87.659;1;"M, S";2;7;5134.13;91.338;14
"A ALBON";"ALB";13;21;0;0;0;"Williams";7;21;0;"FW45";"Silverstone Circuit";"Great Britain";21.4735;56.1854;0.0;8;87.53;1;"M, S";0;8;5134.82;91.273;23
"C LECLERC";"LEC";6;111;0;3;2;"Ferrari";3;228;0;"SF-23";"Silverstone Circuit";"Great Britain";21.4735;56.1854;0.0;4;87.136;2;"M, H, M";-5;9;5135.63;91.255;16
"C SAINZ";"SAI";5;117;0;1;1;"Ferrari";3;228;0;"SF-23";"Silverstone Circuit";"Great Britain";21.4735;56.1854;0.0;5;87.148;1;"M, H";-5;10;5136.39;91.366;55
"L SARGEANT";"SAR";19;0;0;0;0;"Williams";7;21;0;"FW45";"Silverstone Circuit";"Great Britain";21.4735;56.1854;0.0;14;89.031;1;"M, S";3;11;5140.57;91.699;2
"V BOTTAS";"BOT";15;6;0;0;0;"Alfa Romeo";9;10;0;"C43";"Silverstone Circuit";"Great Britain";21.4735;56.1854;0.0;15;89.798;1;"H, S";8;12;5142.77;91.852;77
"N HULKENBERG";"HUL";14;9;0;0;0;"Haas F1 Team";8;11;0;"VF-23";"Silverstone Circuit";"Great Britain";21.4735;56.1854;0.0;11;88.896;2;"H, M, S";-2;13;5143.6;91.776;27
"L STROLL";"STR";9;47;0;0;0;"Aston Martin";4;217;0;"AMR23";"Silverstone Circuit";"Great Britain";21.4735;56.1854;0.0;12;88.935;1;"M, S";-2;14;5144.42;91.508;18
"G ZHOU";"ZHO";16;4;0;0;0;"Alfa Romeo";9;10;0;"C43";"Silverstone Circuit";"Great Britain";21.4735;56.1854;0.0;18;90.123;3;"M, H, S, S";2;15;5146.76;91.769;24
"Y TSUNODA";"TSU";17;3;0;0;0;"AlphaTauri";10;3;0;"AT04";"Silverstone Circuit";"Great Britain";21.4735;56.1854;0.0;17;90.025;2;"S, H, S";0;16;5148.16;92.084;22
"N DE VRIES";"DEV";21;0;0;0;0;"AlphaTauri";10;3;0;"AT04";"Silverstone Circuit";"Great Britain";21.4735;56.1854;0.0;19;90.513;2;"S, M, S";1;17;5150.07;92.353;21
"P GASLY";"GAS";10;37;0;1;0;"Alpine";6;73;0;"A523";"Silverstone Circuit";"Great Britain";21.4735;56.1854;0.0;10;87.689;1;"M, S";-8;18;0.0;91.539;10
"K MAGNUSSEN";"MAG";18;2;0;0;0;"Haas F1 Team";8;11;0;"VF-23";"Silverstone Circuit";"Great Britain";21.4735;56.1854;0.0;20;92.378;0;"M";0;19;0.0;93.356;20
"E OCON";"OCO";11;36;0;1;0;"Alpine";6;73;0;"A523";"Silverstone Circuit";"Great Britain";21.4735;56.1854;0.0;13;88.956;0;"S";-7;20;0.0;93.846;31
"M VERSTAPPEN";"VER";1;364;12;14;8;"Red Bull Racing";1;583;14;"RB19";"Hungaroring";"Hungary";28.8085;32.8049;0.0;2;76.612;2;"M, H, M";1;1;5888.63;80.504;1
"L NORRIS";"NOR";8;79;0;2;0;"McLaren";5;115;0;"MCL60";"Hungaroring";"Hungary";28.8085;32.8049;0.0;3;76.694;2;"M, H, M";1;2;5922.37;82.178;4
"S PEREZ";"PER";2;219;2;8;2;"Red Bull Racing";1;583;14;"RB19";"Hungaroring";"Hungary";28.8085;32.8049;0.0;9;77.045;2;"H, M, M";6;3;5926.24;82.295;11
"L HAMILTON";"HAM";4;164;0;4;1;"Mercedes";2;273;0;"W14";"Hungaroring";"Hungary";28.8085;32.8049;0.0;1;76.609;2;"M, H, M";-3;4;5927.77;81.601;44
"O PIASTRI";"PIA";12;36;0;0;0;"McLaren";5;115;0;"MCL60";"Hungaroring";"Hungary";28.8085;32.8049;0.0;4;76.905;2;"M, H, M";-1;5;5951.21;82.736;81
"G RUSSELL";"RUS";7;109;0;1;0;"Mercedes";2;273;0;"W14";"Hungaroring";"Hungary";28.8085;32.8049;0.0;18;79.027;2;"H, M, M";12;6;5954.46;82.158;63
"C LECLERC";"LEC";6;111;0;3;2;"Ferrari";3;228;0;"SF-23";"Hungaroring";"Hungary";28.8085;32.8049;0.0;6;76.992;2;"M, H, H";-1;7;5958.95;82.469;16
"C SAINZ";"SAI";5;117;0;1;1;"Ferrari";3;228;0;"SF-23";"Hungaroring";"Hungary";28.8085;32.8049;0.0;11;77.703;2;"S, H, H";3;8;5959.71;82.584;55
"F ALONSO";"ALO";3;170;0;7;0;"Aston Martin";4;217;0;"AMR23";"Hungaroring";"Hungary";28.8085;32.8049;0.0;8;77.035;2;"M, H, H";-1;9;5964.34;82.745;14
"L STROLL";"STR";9;47;0;0;0;"Aston Martin";4;217;0;"AMR23";"Hungaroring";"Hungary";28.8085;32.8049;0.0;14;78.144;2;"S, H, H";4;10;0.0;83.425;18
"A ALBON";"ALB";13;21;0;0;0;"Williams";7;21;0;"FW45";"Hungaroring";"Hungary";28.8085;32.8049;0.0;16;78.917;2;"M, H, H";5;11;0.0;84.051;23
"V BOTTAS";"BOT";15;6;0;0;0;"Alfa Romeo";9;10;0;"C43";"Hungaroring";"Hungary";28.8085;32.8049;0.0;7;77.034;2;"M, H, H";-5;12;0.0;83.651;77
"D RICCIARDO";"RIC";22;0;0;0;0;"AlphaTauri";10;3;0;"AT04";"Hungaroring";"Hungary";28.8085;32.8049;0.0;13;78.002;2;"M, H, M";0;13;0.0;83.934;3
"N HULKENBERG";"HUL";14;9;0;0;0;"Haas F1 Team";8;11;0;"VF-23";"Hungaroring";"Hungary";28.8085;32.8049;0.0;10;77.186;2;"M, H, H";-4;14;0.0;83.573;27
"Y TSUNODA";"TSU";17;3;0;0;0;"AlphaTauri";10;3;0;"AT04";"Hungaroring";"Hungary";28.8085;32.8049;0.0;17;78.919;2;"S, H, M";2;15;0.0;83.269;22
"G ZHOU";"ZHO";16;4;0;0;0;"Alfa Romeo";9;10;0;"C43";"Hungaroring";"Hungary";28.8085;32.8049;0.0;5;76.971;2;"M, H, H";-11;16;0.0;83.743;24
"K MAGNUSSEN";"MAG";18;2;0;0;0;"Haas F1 Team";8;11;0;"VF-23";"Hungaroring";"Hungary";28.8085;32.8049;0.0;19;79.206;2;"M, H, H";2;17;0.0;83.864;20
"L SARGEANT";"SAR";19;0;0;0;0;"Williams";7;21;0;"FW45";"Hungaroring";"Hungary";28.8085;32.8049;0.0;20;79.248;2;"M, H, H";2;18;0.0;83.496;2
"E OCON";"OCO";11;36;0;1;0;"Alpine";6;73;0;"A523";"Hungaroring";"Hungary";28.8085;32.8049;0.0;12;77.841;0;"M";-7;19;0.0;101.181;31
"P GASLY";"GAS";10;37;0;1;0;"Alpine";6;73;0;"A523";"Hungaroring";"Hungary";28.8085;32.8049;0.0;15;78.217;0;"S";-5;20;0.0;124.981;10
"M VERSTAPPEN";"VER";1;364;12;14;8;"Red Bull Racing";1;583;14;"RB19";"Spa-Francorchamps";"Belgium";17.8733;61.9267;0.0733333;1;106.168;2;"S, M, S";5;1;4950.45;108.922;1
"S PEREZ";"PER";2;219;2;8;2;"Red Bull Racing";1;583;14;"RB19";"Spa-Francorchamps";"Belgium";17.8733;61.9267;0.0733333;3;107.045;2;"S, M, S";0;2;4972.75;110.308;11
"C LECLERC";"LEC";6;111;0;3;2;"Ferrari";3;228;0;"SF-23";"Spa-Francorchamps";"Belgium";17.8733;61.9267;0.0733333;2;106.988;2;"S, M, S";-2;3;4982.71;110.436;16
"L HAMILTON";"HAM";4;164;0;4;1;"Mercedes";2;273;0;"W14";"Spa-Francorchamps";"Belgium";17.8733;61.9267;0.0733333;4;107.087;3;"S, M, S, H";-1;4;5000.12;107.305;44
"F ALONSO";"ALO";3;170;0;7;0;"Aston Martin";4;217;0;"AMR23";"Spa-Francorchamps";"Belgium";17.8733;61.9267;0.0733333;9;107.843;2;"M, M, S";4;5;5006.63;110.938;14
"G RUSSELL";"RUS";7;109;0;1;0;"Mercedes";2;273;0;"W14";"Spa-Francorchamps";"Belgium";17.8733;61.9267;0.0733333;8;107.805;1;"M, S";2;6;5013.55;110.603;63
"L NORRIS";"NOR";8;79;0;2;0;"McLaren";5;115;0;"MCL60";"Spa-Francorchamps";"Belgium";17.8733;61.9267;0.0733333;7;107.669;2;"M, H, S";0;7;5024.17;111.682;4
"E OCON";"OCO";11;36;0;1;0;"Alpine";6;73;0;"A523";"Spa-Francorchamps";"Belgium";17.8733;61.9267;0.0733333;15;116.372;2;"S, M, S";6;8;5025.17;110.439;31
"L STROLL";"STR";9;47;0;0;0;"Aston Martin";4;217;0;"AMR23";"Spa-Francorchamps";"Belgium";17.8733;61.9267;0.0733333;10;108.841;1;"M, S";1;9;5029.79;111.297;18
"Y TSUNODA";"TSU";17;3;0;0;0;"AlphaTauri";10;3;0;"AT04";"Spa-Francorchamps";"Belgium";17.8733;61.9267;0.0733333;11;113.148;2;"M, M, S";1;10;5030.67;111.394;22
"P GASLY";"GAS";10;37;0;1;0;"Alpine";6;73;0;"A523";"Spa-Francorchamps";"Belgium";17.8733;61.9267;0.0733333;12;113.671;1;"S, M";1;11;5033.53;110.911;10
"V BOTTAS";"BOT";15;6;0;0;0;"Alfa Romeo";9;10;0;"C43";"Spa-Francorchamps";"Belgium";17.8733;61.9267;0.0733333;14;114.694;2;"S, M, M";1;12;5035.64;110.515;77
"G ZHOU";"ZHO";16;4;0;0;0;"Alfa Romeo";9;10;0;"C43";"Spa-Francorchamps";"Belgium";17.8733;61.9267;0.0733333;17;120.832;2;"S, M, S";4;13;5045.89;110.188;24
"A ALBON";"ALB";13;21;0;0;0;"Williams";7;21;0;"FW45";"Spa-Francorchamps";"Belgium";17.8733;61.9267;0.0733333;16;120.314;3;"S, M, M, S";1;14;5046.63;109.841;23
"K MAGNUSSEN";"MAG";18;2;0;0;0;"Haas F1 Team";8;11;0;"VF-23";"Spa-Francorchamps";"Belgium";17.8733;61.9267;0.0733333;13;114.16;2;"S, M, M";1;15;5052.2;110.993;20
"D RICCIARDO";"RIC";22;0;0;0;0;"AlphaTauri";10;3;0;"AT04";"Spa-Francorchamps";"Belgium";17.8733;61.9267;0.0733333;19;122.159;2;"S, M, M";3;16;5053.52;110.994;3
"L SARGEANT";"SAR";19;0;0;0;0;"Williams";7;21;0;"FW45";"Spa-Francorchamps";"Belgium";17.8733;61.9267;0.0733333;18;121.535;3;"S, M, M, S";1;17;5054.93;110.236;2
"N HULKENBERG";"HUL";14;9;0;0;0;"Haas F1 Team";8;11;0;"VF-23";"Spa-Francorchamps";"Belgium";17.8733;61.9267;0.0733333;20;123.166;2;"M, S, S";-18;18;5060.9;109.907;27
"C SAINZ";"SAI";5;117;0;1;1;"Ferrari";3;228;0;"SF-23";"Spa-Francorchamps";"Belgium";17.8733;61.9267;0.0733333;5;107.152;1;"S, M";-15;19;0.0;113.138;55
"O PIASTRI";"PIA";12;36;0;0;0;"McLaren";5;115;0;"MCL60";"Spa-Francorchamps";"Belgium";17.8733;61.9267;0.0733333;6;107.365;0;"M";-15;20;0.0;0.0;81
"M VERSTAPPEN";"VER";1;364;12;14;8;"Red Bull Racing";1;583;14;"RB19";"Zandvoort Circuit";"Netherlands";16.7919;70.7751;0.229665;1;70.567;6;"S, I, S, S, I, W, I";0;1;8644.41;73.889;1
"F ALONSO";"ALO";3;170;0;7;0;"Aston Martin";4;217;0;"AMR23";"Zandvoort Circuit";"Netherlands";16.7919;70.7751;0.229665;5;71.506;5;"S, I, S, S, I, I";3;2;8648.16;73.837;14
"P GASLY";"GAS";10;37;0;1;0;"Alpine";6;73;0;"A523";"Zandvoort Circuit";"Netherlands";16.7919;70.7751;0.229665;12;80.128;5;"S, I, S, S, I, I";9;3;8651.47;74.441;10
"S PEREZ";"PER";2;219;2;8;2;"Red Bull Racing";1;583;14;"RB19";"Zandvoort Circuit";"Netherlands";16.7919;70.7751;0.229665;7;71.88;6;"S, I, S, S, I, I, I";3;4;8654.48;74.231;11
"C SAINZ";"SAI";5;117;0;1;1;"Ferrari";3;228;0;"SF-23";"Zandvoort Circuit";"Netherlands";16.7919;70.7751;0.229665;6;71.754;5;"S, I, S, S, I, I";1;5;8656.95;74.934;55
"L HAMILTON";"HAM";4;164;0;4;1;"Mercedes";2;273;0;"W14";"Zandvoort Circuit";"Netherlands";16.7919;70.7751;0.229665;13;80.151;5;"M, I, S, S, I, I";7;6;8657.62;73.904;44
"L NORRIS";"NOR";8;79;0;2;0;"McLaren";5;115;0;"MCL60";"Zandvoort Circuit";"Netherlands";16.7919;70.7751;0.229665;2;71.104;6;"S, I, S, S, I, I, I";-5;7;8657.64;74.39;4
"A ALBON";"ALB";13;21;0;0;0;"Williams";7;21;0;"FW45";"Zandvoort Circuit";"Netherlands";16.7919;70.7751;0.229665;4;71.419;4;"S, M, I, I, I";-4;8;8659.57;74.468;23
"O PIASTRI";"PIA";12;36;0;0;0;"McLaren";5;115;0;"MCL60";"Zandvoort Circuit";"Netherlands";16.7919;70.7751;0.229665;8;71.938;5;"S, S, M, I, I, I";-1;9;8660.99;74.299;81
"E OCON";"OCO";11;36;0;1;0;"Alpine";6;73;0;"A523";"Zandvoort Circuit";"Netherlands";16.7919;70.7751;0.229665;17;82.11;6;"S, I, S, S, W, I, I";6;10;8662.76;74.57;31
"L STROLL";"STR";9;47;0;0;0;"Aston Martin";4;217;0;"AMR23";"Zandvoort Circuit";"Netherlands";16.7919;70.7751;0.229665;11;80.121;7;"S, I, S, M, S, I, I, I";0;11;8664.5;75.171;18
"N HULKENBERG";"HUL";14;9;0;0;0;"Haas F1 Team";8;11;0;"VF-23";"Zandvoort Circuit";"Netherlands";16.7919;70.7751;0.229665;15;80.25;5;"S, M, S, I, I, I";2;12;8665.25;74.472;27
"L LAWSON";"LAW";20;0;0;0;0;"AlphaTauri";10;3;0;"AT04";"Zandvoort Circuit";"Netherlands";16.7919;70.7751;0.229665;20;83.42;7;"S, I, S, M, S, I, I, I";6;13;8670.56;74.82;40
"V BOTTAS";"BOT";15;6;0;0;0;"Alfa Romeo";9;10;0;"C43";"Zandvoort Circuit";"Netherlands";16.7919;70.7751;0.229665;19;82.26;5;"S, M, S, I, I, I";4;14;8671.8;74.698;77
"Y TSUNODA";"TSU";17;3;0;0;0;"AlphaTauri";10;3;0;"AT04";"Zandvoort Circuit";"Netherlands";16.7919;70.7751;0.229665;14;80.23;5;"S, I, S, I, I, I";2;15;8674.3;76.253;22
"K MAGNUSSEN";"MAG";18;2;0;0;0;"Haas F1 Team";8;11;0;"VF-23";"Zandvoort Circuit";"Netherlands";16.7919;70.7751;0.229665;18;82.192;6;"S, I, S, M, I, I, I";-16;16;8675.82;75.489;20
"G RUSSELL";"RUS";7;109;0;1;0;"Mercedes";2;273;0;"W14";"Zandvoort Circuit";"Netherlands";16.7919;70.7751;0.229665;3;71.294;7;"S, I, S, H, I, I, I, I";-14;17;8700.17;75.124;63
"G ZHOU";"ZHO";16;4;0;0;0;"Alfa Romeo";9;10;0;"C43";"Zandvoort Circuit";"Netherlands";16.7919;70.7751;0.229665;16;82.067;4;"S, I, M, S, I";-13;18;0.0;75.417;24
"C LECLERC";"LEC";6;111;0;3;2;"Ferrari";3;228;0;"SF-23";"Zandvoort Circuit";"Netherlands";16.7919;70.7751;0.229665;9;72.665;2;"S, I, S";-10;19;0.0;77.277;16
"L SARGEANT";"SAR";19;0;0;0;0;"Williams";7;21;0;"FW45";"Zandvoort Circuit";"Netherlands";16.7919;70.7751;0.229665;10;76.748;0;"S";-10;20;0.0;77.399;2
"M VERSTAPPEN";"VER";1;364;12;14;8;"Red Bull Racing";1;583;14;"RB19";"Autodromo Nazionale Monza";"Italy";29.3301;42.3205;0.0;2;80.307;1;"M, H";1;1;4421.14;85.24;1
"S PEREZ";"PER";2;219;2;8;2;"Red Bull Racing";1;583;14;"RB19";"Autodromo Nazionale Monza";"Italy";29.3301;42.3205;0.0;5;80.688;1;"M, H";3;2;4427.21;85.522;11
"C SAINZ";"SAI";5;117;0;1;1;"Ferrari";3;228;0;"SF-23";"Autodromo Nazionale Monza";"Italy";29.3301;42.3205;0.0;1;80.294;1;"M, H";-2;3;4432.34;85.501;55
"C LECLERC";"LEC";6;111;0;3;2;"Ferrari";3;228;0;"SF-23";"Autodromo Nazionale Monza";"Italy";29.3301;42.3205;0.0;3;80.361;1;"M, H";-1;4;4432.52;85.58;16
"G RUSSELL";"RUS";7;109;0;1;0;"Mercedes";2;273;0;"W14";"Autodromo Nazionale Monza";"Italy";29.3301;42.3205;0.0;4;80.671;1;"M, H";-1;5;4444.17;85.847;63
"L HAMILTON";"HAM";4;164;0;4;1;"Mercedes";2;273;0;"W14";"Autodromo Nazionale Monza";"Italy";29.3301;42.3205;0.0;8;80.82;1;"H, M";2;6;4463.82;85.582;44
"A ALBON";"ALB";13;21;0;0;0;"Williams";7;21;0;"FW45";"Autodromo Nazionale Monza";"Italy";29.3301;42.3205;0.0;6;80.76;1;"M, H";-1;7;4466.25;86.389;23
"L NORRIS";"NOR";8;79;0;2;0;"McLaren";5;115;0;"MCL60";"Autodromo Nazionale Monza";"Italy";29.3301;42.3205;0.0;9;80.979;1;"M, H";1;8;4466.59;86.144;4
"F ALONSO";"ALO";3;170;0;7;0;"Aston Martin";4;217;0;"AMR23";"Autodromo Nazionale Monza";"Italy";29.3301;42.3205;0.0;10;81.417;1;"M, H";1;9;4467.44;86.105;14
"V BOTTAS";"BOT";15;6;0;0;0;"Alfa Romeo";9;10;0;"C43";"Autodromo Nazionale Monza";"Italy";29.3301;42.3205;0.0;14;81.94;1;"H, M";4;10;4485.2;85.988;77
"L LAWSON";"LAW";20;0;0;0;0;"AlphaTauri";10;3;0;"AT04";"Autodromo Nazionale Monza";"Italy";29.3301;42.3205;0.0;12;81.758;2;"M, H, M";1;11;4491.78;85.842;40
"O PIASTRI";"PIA";12;36;0;0;0;"McLaren";5;115;0;"MCL60";"Autodromo Nazionale Monza";"Italy";29.3301;42.3205;0.0;7;80.785;2;"M, H, M";-5;12;4494.22;85.072;81
"L SARGEANT";"SAR";19;0;0;0;0;"Williams";7;21;0;"FW45";"Autodromo Nazionale Monza";"Italy";29.3301;42.3205;0.0;15;81.944;1;"M, H";2;13;4499.7;86.84;2
"G ZHOU";"ZHO";16;4;0;0;0;"Alfa Romeo";9;10;0;"C43";"Autodromo Nazionale Monza";"Italy";29.3301;42.3205;0.0;16;82.39;2;"M, H, M";2;14;4501.31;85.983;24
"P GASLY";"GAS";10;37;0;1;0;"Alpine";6;73;0;"A523";"Autodromo Nazionale Monza";"Italy";29.3301;42.3205;0.0;17;82.545;2;"M, H, M";2;15;4503.65;85.758;10
"L STROLL";"STR";9;47;0;0;0;"Aston Martin";4;217;0;"AMR23";"Autodromo Nazionale Monza";"Italy";29.3301;42.3205;0.0;20;82.86;1;"M, H";4;16;4508.41;86.617;18
"N HULKENBERG";"HUL";14;9;0;0;0;"Haas F1 Team";8;11;0;"VF-23";"Autodromo Nazionale Monza";"Italy";29.3301;42.3205;0.0;13;81.776;2;"M, H, M";-4;17;0.0;85.894;27
"K MAGNUSSEN";"MAG";18;2;0;0;0;"Haas F1 Team";8;11;0;"VF-23";"Autodromo Nazionale Monza";"Italy";29.3301;42.3205;0.0;19;82.592;2;"H, M, M";1;18;0.0;86.278;20
"E OCON";"OCO";11;36;0;1;0;"Alpine";6;73;0;"A523";"Autodromo Nazionale Monza";"Italy";29.3301;42.3205;0.0;18;82.548;1;"M, H";-1;19;0.0;86.963;31
"Y TSUNODA";"TSU";17;3;0;0;0;"AlphaTauri";10;3;0;"AT04";"Autodromo Nazionale Monza";"Italy";29.3301;42.3205;0.0;11;81.594;0;"M";-9;20;0.0;0.0;22
